SIREN,nom,code_NAF,libelle_NAF,commune,code_postal,effectif,date_creation
404162323,ACORUS,43.22A,Travaux d'installation d'eau et de gaz,CROISSY-BEAUBOURG,77183,42,1996-04-02
572064145,UNION TECHNIQUE DU BATIMENT (UTB),43.22A,Travaux d'installation d'eau et de gaz,ROMAINVILLE,93230,42,1957-01-01
389337718,COMPAGNIE GENERALE DE MAINTENANCE IMMOBILIERE (C.G.M.I.),43.22A,Travaux d'installation d'eau et de gaz,MERIGNAC,33700,32,1992-12-01
692017189,REOLIAN MULTITEC,43.22A,Travaux d'installation d'eau et de gaz,CRETEIL,94000,32,1969-01-01
788056463,TERIDEAL SEGEX ENERGIES (SETRALEC - AD POMPES - AQUAGREEN),43.22A,Travaux d'installation d'eau et de gaz,WISSOUS,91320,31,1971-01-01
834032344,UXELLO GRAND OUEST,43.22A,Travaux d'installation d'eau et de gaz,BRUZ,35170,31,2017-12-15
326102613,LA LOUISIANE,43.22A,Travaux d'installation d'eau et de gaz,PARIS,75018,22,1982-11-01
419858931,BERGERET,43.22A,Travaux d'installation d'eau et de gaz,LONS,64140,22,1998-07-01
430212357,AQUADIM,43.22A,Travaux d'installation d'eau et de gaz,PARIS,75015,22,2000-03-31
432414779,AIRESS,43.22A,Travaux d'installation d'eau et de gaz,BEZONS,95870,22,2000-07-26
439290685,TECHEM SAS (COMPTEURS FARNIER),43.22A,Travaux d'installation d'eau et de gaz,CHATENAY-MALABRY,92290,22,2001-07-01
482491974,MINIMAX FRANCE SAS,43.22A,Travaux d'installation d'eau et de gaz,SAINT-QUENTIN-FALLAVIER,38070,22,2005-05-18
814574976,UXELLO SUD EST (UXELLO SE),43.22A,Travaux d'installation d'eau et de gaz,SAINT-PRIEST,69800,22,2015-11-09
814597951,UXELLO SUD OUEST (UXELLO SO),43.22A,Travaux d'installation d'eau et de gaz,PIBRAC,31820,22,2015-11-10
834032351,UXELLO HAUTS DE FRANCE ET GRAND EST (UXELLO HDF ET GE),43.22A,Travaux d'installation d'eau et de gaz,MESSEIN,54850,22,2017-12-15
853528586,SEE LLARI,43.22A,Travaux d'installation d'eau et de gaz,BESSAN,34550,22,2019-05-16
330781279,REALISATIONS MEDICALES ET INDUSTRIELLES (RMI),43.22A,Travaux d'installation d'eau et de gaz,MARSEILLE,13015,21,1984-06-18
332773662,SERVICE MAINTENANCE CHAUFFAGE  S M C DEPANNAGE (MON ATOUT ENERGIE),43.22A,Travaux d'installation d'eau et de gaz,LORIENT,56100,21,1985-05-03
353067754,INSTALLATIONS GENIE CLIMATIQUE ET SANITAIRE (I.G.C.S.),43.22A,Travaux d'installation d'eau et de gaz,BAYONNE,64100,21,1990-01-02
384262549,TECHNOLOGIES HOSPITALIERES NORD EST,43.22A,Travaux d'installation d'eau et de gaz,ATTON,54700,21,1992-01-09
392287181,SEE AMARDEILH (S.E.E. AMARDEILH),43.22A,Travaux d'installation d'eau et de gaz,SAINT-QUIRC,09700,21,1993-09-01
392644167,LA CENTRALE DES EAUX (LCDE),43.22A,Travaux d'installation d'eau et de gaz,CHILLY-MAZARIN,91380,21,1993-10-06
393832449,TECHNOLOGIES HOSPITALIERES GRAND OUEST,43.22A,Travaux d'installation d'eau et de gaz,NANTES,44300,21,1994-02-01
413107434,ROQUET (MAINTENANCE THERMIQUE BRETAGNE - MTB),43.22A,Travaux d'installation d'eau et de gaz,REDON,35600,21,1997-07-01
450730700,SETIM,43.22A,Travaux d'installation d'eau et de gaz,CAILLOUX-SUR-FONTAINES,69270,21,2003-11-04
753805035,LES BONS ARTISANS,43.22A,Travaux d'installation d'eau et de gaz,CLICHY,92110,21,2012-08-03
799910070,ALLO CHAUFFAGE NORMANDIE AB,43.22A,Travaux d'installation d'eau et de gaz,NORMANVILLE,27930,21,2014-01-24
841939663,UNICIA,43.22A,Travaux d'installation d'eau et de gaz,BEYNOST,01700,21,2018-08-30
907663223,INGENIERIE TECHNIQUES D'EXTINCTION (ITEX),43.22A,Travaux d'installation d'eau et de gaz,MERIGNAC,33700,21,2021-11-29
064800535,ENTREPRISE VOLLONO SARL,43.22A,Travaux d'installation d'eau et de gaz,AUBAGNE,13400,12,1964-01-01
305009466,GAZ PURS ET FLUIDES,43.22A,Travaux d'installation d'eau et de gaz,PLAILLY,60128,12,1976-01-01
307788588,CHAUFF PLOMBERIE CLIMAT PISCINE ELECTRIC (CPCP),43.22A,Travaux d'installation d'eau et de gaz,SAINT-JEAN-CAP-FERRAT,06230,12,1976-01-01
309384071,ENTREPRISE P. ESSIQUE,43.22A,Travaux d'installation d'eau et de gaz,SAINT QUENTIN,02100,12,1964-01-01
311461768,SANICLIM,43.22A,Travaux d'installation d'eau et de gaz,ARTIX,64170,12,1977-10-01
329245682,GIRAUD SERGE ET FILS,43.22A,Travaux d'installation d'eau et de gaz,SAVIGNE,86400,12,1984-01-01
329844047,MAGRIT,43.22A,Travaux d'installation d'eau et de gaz,USSEL,19200,12,1984-05-16
330548470,LION RENOVATION,43.22A,Travaux d'installation d'eau et de gaz,DIJON,21000,12,1984-08-20
334148376,BERTUCELLI,43.22A,Travaux d'installation d'eau et de gaz,PREUILLY-SUR-CLAISE,37290,12,1985-11-01
338912694,AMTECH,43.22A,Travaux d'installation d'eau et de gaz,PARIS,75011,12,1986-06-01
343978060,SANIT CONFORT,43.22A,Travaux d'installation d'eau et de gaz,PLERIN,22190,12,1988-03-01
379817646,MULTITRAVAUX (SORENOV),43.22A,Travaux d'installation d'eau et de gaz,ECOUFLANT,49000,12,1990-11-06
384371548,SOCIETE NOUVELLE CHAPUIS,43.22A,Travaux d'installation d'eau et de gaz,LIMONEST,69760,12,1992-02-01
385368071,SAS ROCHE (ACE),43.22A,Travaux d'installation d'eau et de gaz,AVERMES,03000,12,1992-05-04
393952619,GROUPE AVI (MORIN-FEREC),43.22A,Travaux d'installation d'eau et de gaz,TERRES-DE-CAUX,76640,12,1994-01-03
394250914,TECHNOLOGIES HOSPITALIERES CENTRE EST (THRA),43.22A,Travaux d'installation d'eau et de gaz,VENISSIEUX,69200,12,1994-02-15
398281063,DEPS,43.22A,Travaux d'installation d'eau et de gaz,CHATEAURENARD,13160,12,1994-01-01
401770789,A.ATELIER COROT,43.22A,Travaux d'installation d'eau et de gaz,TOULOUSE,31500,12,1995-07-01
408861466,SARL ENTREPRISE LE BIHAN DANIEL ET FILS,43.22A,Travaux d'installation d'eau et de gaz,BEGARD,22140,12,1996-07-01
419808613,VAUTIER & FILS,43.22A,Travaux d'installation d'eau et de gaz,MURET,31600,12,1998-09-01
422589333,MERCIER,43.22A,Travaux d'installation d'eau et de gaz,TREMBLAY-EN-FRANCE,93290,12,1999-02-19
429529811,CP ETOILE,43.22A,Travaux d'installation d'eau et de gaz,PARIS,75017,12,2000-02-01
432699494,INSTALLATION CHAUFFAGE PLOMBERIE (ICP),43.22A,Travaux d'installation d'eau et de gaz,MORIERES-LES-AVIGNON,84310,12,2000-07-01
437489214,RATEAU FRERES,43.22A,Travaux d'installation d'eau et de gaz,THOUARS,79100,12,2015-09-01
443905690,PICOTY TECH 16-17,43.22A,Travaux d'installation d'eau et de gaz,CHAMPNIERS,16430,12,2002-10-18
448557520,GR ENERGIES,43.22A,Travaux d'installation d'eau et de gaz,PLOUGASTEL-DAOULAS,29470,12,2003-05-05
854800745,AXIMA CONCEPT (AXIMA CONTRACTING - AXIMA ACTIS - AXIMA SERVICES-OMEGA CONCEPT-AXIMA SEITHA),43.22B,Travaux d'installation d'équipements thermiques et de climatisation,COURBEVOIE,92400,52,1954-01-01
301340584,SAVELYS,43.22B,Travaux d'installation d'équipements thermiques et de climatisation,COURBEVOIE,92400,51,1974-01-01
334873726,PROXISERVE,43.22B,Travaux d'installation d'équipements thermiques et de climatisation,LEVALLOIS-PERRET,92300,51,1986-01-01
627220049,HERVE THERMIQUE,43.22B,Travaux d'installation d'équipements thermiques et de climatisation,JOUE-LES-TOURS,37300,51,1972-01-01
381762038,BOUYGUES E&S FM FRANCE,43.22B,Travaux d'installation d'équipements thermiques et de climatisation,GUYANCOURT,78280,42,1991-04-01
444768550,IZI BY EDF (IZI CONFORT),43.22B,Travaux d'installation d'équipements thermiques et de climatisation,MASSY,91300,42,2002-12-31
632017257,MCI,43.22B,Travaux d'installation d'équipements thermiques et de climatisation,CARQUEFOU,44470,42,1963-01-01
311098487,MISSENARD-QUINT B,43.22B,Travaux d'installation d'équipements thermiques et de climatisation,GAUCHY,02430,41,1977-01-01
322152851,ENERGILEC (VINCI FACILITIES),43.22B,Travaux d'installation d'équipements thermiques et de climatisation,ERMONT,95120,41,1981-03-02
394629125,LOGISTA,43.22B,Travaux d'installation d'équipements thermiques et de climatisation,ARRAS,62000,41,1994-04-01
414030064,SODEXO ENERGIE ET MAINTENANCE,43.22B,Travaux d'installation d'équipements thermiques et de climatisation,GUYANCOURT,78280,41,1997-10-02
501633267,KBANE,43.22B,Travaux d'installation d'équipements thermiques et de climatisation,VILLENEUVE-D'ASCQ,59491,41,2007-12-18
518137864,EIFFAGE ENERGIE SYSTEMES - CLEVIA CENTRE EST,43.22B,Travaux d'installation d'équipements thermiques et de climatisation,JONAGE,69330,41,2009-10-29
562077792,BALAS (BALAS),43.22B,Travaux d'installation d'équipements thermiques et de climatisation,GENNEVILLIERS,92230,41,1956-01-01
790123855,MUST,43.22B,Travaux d'installation d'équipements thermiques et de climatisation,MAXEVILLE,54320,41,2012-11-08
793797283,ISERBA,43.22B,Travaux d'installation d'équipements thermiques et de climatisation,BEYNOST,01700,41,2013-06-20
310239702,SODEXO JUSTICE SERVICES (SIGES),43.22B,Travaux d'installation d'équipements thermiques et de climatisation,GUYANCOURT,78280,32,1989-12-12
316113208,ETUDES INSTALLATION MAINTENANCE INDUSTRI (EIMI),43.22B,Travaux d'installation d'équipements thermiques et de climatisation,ETUPES,25460,32,1979-01-01
323814632,EIFFAGE ENERGIE SYSTEMES - CLEVIA IDF,43.22B,Travaux d'installation d'équipements thermiques et de climatisation,VELIZY-VILLACOUBLAY,78140,32,1982-01-01
325539609,DERICHEBOURG ENERGIE (DERICHEBOURG ENERGIE),43.22B,Travaux d'installation d'équipements thermiques et de climatisation,CRETEIL,94000,32,1982-10-01
326566148,ENTREPRISE LEFORT FRANCHETEAU (ELEF),43.22B,Travaux d'installation d'équipements thermiques et de climatisation,RUEIL MALMAISON,92500,32,1983-02-10
356200295,RAMERY ENERGIES (COEXIA HABITAT - COEXIA MAINTENANCE EXPLOITATION),43.22B,Travaux d'installation d'équipements thermiques et de climatisation,ERQUINGHEM-LYS,59193,32,1956-01-01
377730874,ENTREPRISE FOUCHARD,43.22B,Travaux d'installation d'équipements thermiques et de climatisation,COUTANCES,50200,32,1990-04-10
408468213,E 2 S,43.22B,Travaux d'installation d'équipements thermiques et de climatisation,VILLEURBANNE,69100,32,1996-07-01
433056223,CIEC,43.22B,Travaux d'installation d'équipements thermiques et de climatisation,PARIS,75018,32,2000-09-27
479739260,CIE EUROPEENNE DE SERVICE CIAL (CESC),43.22B,Travaux d'installation d'équipements thermiques et de climatisation,MEYZIEU,69330,32,2005-01-01
518201744,EIFFAGE ENERGIE SYSTEMES - SERVICES IDF (EES - SIDF),43.22B,Travaux d'installation d'équipements thermiques et de climatisation,SAINT-DENIS,93200,32,2009-10-29
537915266,CEGELEC TERTIAIRE ILE DE FRANCE,43.22B,Travaux d'installation d'équipements thermiques et de climatisation,NANTERRE,92000,32,2011-11-16
653820175,CELFY,43.22B,Travaux d'installation d'équipements thermiques et de climatisation,GRENTHEVILLE,14540,32,1965-01-01
428788707,ROUGNON,43.22B,Travaux d'installation d'équipements thermiques et de climatisation,VELIZY-VILLACOUBLAY,78140,31,2000-01-01
480731769,M ENERGIES SERVICE,43.22B,Travaux d'installation d'équipements thermiques et de climatisation,LUDRES,54710,31,2005-01-25
537916074,CEGELEC MAINTENANCE TERTIAIRE SUD EST,43.22B,Travaux d'installation d'équipements thermiques et de climatisation,BIOT,06410,31,2011-11-16
788373603,EIFFAGE ENERGIE SYSTEMES - CLEVIA OUEST (EES-CLEVIA OUEST),43.22B,Travaux d'installation d'équipements thermiques et de climatisation,NANTES,44300,31,1974-01-01
304952153,ENTREPRISE MOOS (JEAN MOOS),43.22B,Travaux d'installation d'équipements thermiques et de climatisation,AMPLEPUIS,69550,22,1900-01-01
308922251,ELAIRGIE (ELAIRGIE ARGENTAN),43.22B,Travaux d'installation d'équipements thermiques et de climatisation,ARGENTAN,61200,22,1976-01-01
310862644,CEGELEC LA REUNION (TUNZINI - VINCI FACILITIES),43.22B,Travaux d'installation d'équipements thermiques et de climatisation,LE PORT,97420,22,1972-01-01
313244105,SOCIETE COOPERATIVE D'ENTRETIEN THERMIQUE ELECTRIQUE CONDITIONNEMENT (SCETEC),43.22B,Travaux d'installation d'équipements thermiques et de climatisation,LE MANS,72100,22,1978-01-01
319748422,SANITHERM,43.22B,Travaux d'installation d'équipements thermiques et de climatisation,QUIMPER,29000,22,1980-08-10
321422560,SECURITE INCENDIE SIA,43.22B,Travaux d'installation d'équipements thermiques et de climatisation,TAVERNY,95150,22,1981-03-01
325338333,GARANKA NORD OUEST,43.22B,Travaux d'installation d'équipements thermiques et de climatisation,LE MANS,72100,22,1982-09-01
326818176,BOBION ET JOANIN,43.22B,Travaux d'installation d'équipements thermiques et de climatisation,LONS,64140,22,1983-01-01
327195095,BST - BATIMENT SANITAIRE THERMIQUE,43.22B,Travaux d'installation d'équipements thermiques et de climatisation,PACE,35740,22,1972-01-01
340023225,EIFFAGE ENERGIE SYSTEMES - CLEVIA EST (EES - CLEVIA EST),43.22B,Travaux d'installation d'équipements thermiques et de climatisation,LUDRES,54710,22,1987-01-01
344001169,LANSARD ENERGIE,43.22B,Travaux d'installation d'équipements thermiques et de climatisation,ARGONAY,74370,22,1988-01-01
348774183,TURQUAND,43.22B,Travaux d'installation d'équipements thermiques et de climatisation,LE POIRE-SUR-VIE,85170,22,1988-07-01
350749289,M.ENERGIES EXPLOITATION (SOLOREC),43.22B,Travaux d'installation d'équipements thermiques et de climatisation,LUDRES,54710,22,1989-03-15
351782743,GARANKA SUD EST,43.22B,Travaux d'installation d'équipements thermiques et de climatisation,CHAVANOD,74650,22,1989-09-01
391110152,CHAUFFAGE SERVIC MAINTENANCE & ENTRETIEN,43.22B,Travaux d'installation d'équipements thermiques et de climatisation,GRANDE-SYNTHE,59760,22,1993-04-01
399633452,ESSEMES SERVICES,43.22B,Travaux d'installation d'équipements thermiques et de climatisation,SONS-ET-RONCHERES,02270,22,1995-01-03
409238789,MAINTENANCE EXPLOITATION TELEGESTION (MET),43.22B,Travaux d'installation d'équipements thermiques et de climatisation,RODEZ,12000,22,1996-09-27
422620799,EIFFAGE ENERGIE SYSTEMES - GUADELOUPE (EES - GUADELOUPE),43.22B,Travaux d'installation d'équipements thermiques et de climatisation,BAIE-MAHAULT,97122,22,1999-03-16
438858649,IDEX ENERGIE ANTILLES GUYANE,43.22B,Travaux d'installation d'équipements thermiques et de climatisation,DUCOS,97224,22,2001-08-01
441360757,ALSACE HOME SERVICES,43.22B,Travaux d'installation d'équipements thermiques et de climatisation,COLMAR,68000,22,2002-03-01
448723494,AGTHERM,43.22B,Travaux d'installation d'équipements thermiques et de climatisation,COLOMIERS,31770,22,2003-06-01
480970649,CEME-MOREAU,43.22B,Travaux d'installation d'équipements thermiques et de climatisation,VALLET,44330,22,2005-02-08
312668601,KAEFER,43.29A,Travaux d'isolation,COURBEVOIE,92400,42,1978-01-01
393361985,ARIS,43.29A,Travaux d'isolation,EPOUVILLE,76133,41,1993-12-17
812950970,NC 2008 ENVIRONNEMENT,43.29A,Travaux d'isolation,SOLAIZE,69360,32,2015-07-31
311460596,SOCIETE FRANCAISE D ISOLATION (SOFRADI),43.29A,Travaux d'isolation,TREILLIERES,44119,31,1977-01-01
823068424,RHONE AVENIR ENERGIE (2D ISOLATION),43.29A,Travaux d'isolation,SOLAIZE,69360,31,2016-10-01
070501580,SOCIETE ALPINE D'ISOLATION THERMIQUE (SAIT),43.29A,Travaux d'isolation,BRESSON,38320,22,1970-01-01
333553907,AQUITAINE ISOL ENTREPRISE (A.I.E),43.29A,Travaux d'isolation,LACQ,64170,22,1985-09-11
335783635,SIONNEAU (ISOLOGIS - COMPAGNONS PEINTRES SPARNACIENS),43.29A,Travaux d'isolation,REIMS,51100,22,1957-01-01
349993428,GROUPE ISORE,43.29A,Travaux d'isolation,SAINT-BERTHEVIN,53940,22,1989-04-03
411313539,SOCIETE DE TRAVAUX D ISOLATION ET DE MENUISERIE,43.29A,Travaux d'isolation,MONTMAGNY,95360,22,1997-03-01
439229386,PI INSTALL,43.29A,Travaux d'isolation,MONTREVEL-EN-BRESSE,01340,22,2001-09-01
301296463,ARDENNE PEINTURE EVOLUTION (APE),43.29A,Travaux d'isolation,BELVAL,08090,21,1974-01-01
310999016,SUD OUEST HABITAT (SUD OUEST HABITAT),43.29A,Travaux d'isolation,MIELAN,32170,21,1975-01-01
330241787,LEBRE,43.29A,Travaux d'isolation,VIGNEUX-DE-BRETAGNE,44360,21,1984-06-29
332047992,ISOLATION THERMIQUE BOMBA (ITB),43.29A,Travaux d'isolation,NEUVILLE-SAINT-AMAND,02100,21,1985-02-20
335172383,THERMIE FRANCE - LOWCALBAT (THERMIE FRANCE / LOWCALBAT),43.29A,Travaux d'isolation,LIBERCOURT,62820,21,1986-03-15
338239247,MILON-ISOLATION,43.29A,Travaux d'isolation,MONTAUBAN-DE-BRETAGNE,35360,21,1986-07-01
348268475,LEFEVE,43.29A,Travaux d'isolation,SAINT-PATERNE-RACAN,37370,21,1988-10-01
348808007,ISOWECK,43.29A,Travaux d'isolation,MARMANDE,47200,21,1988-10-01
380759902,SPIE PROTECTION INCENDIE,43.29A,Travaux d'isolation,SAINT-OUEN-SUR-SEINE,93400,21,1990-11-23
399842723,DETAM,43.29A,Travaux d'isolation,NIEPPE,59850,21,1995-02-02
413572751,INDUSTISOL,43.29A,Travaux d'isolation,ANNECY,74960,21,1997-09-01
413914078,AGI (AGI),43.29A,Travaux d'isolation,GENAS,69740,21,1997-09-22
431899954,QUALI CONFORT,43.29A,Travaux d'isolation,PLOUEDERN,29800,21,2000-06-01
453495228,SARL COULEUR SOLEIL,43.29A,Travaux d'isolation,TERSSAC,81150,21,2004-05-10
484152491,PRO FACADE,43.29A,Travaux d'isolation,METZ,57070,21,2005-09-15
749200051,LANGLOIS SOBRETI,43.29A,Travaux d'isolation,RENNES,35000,21,1974-01-01
803915032,E.B.S. ISOLATION,43.29A,Travaux d'isolation,CASTRES,81100,21,2014-08-01
821064326,ISO & FACE (ISO & FACE),43.29A,Travaux d'isolation,LE TEICH,33470,21,2016-05-25
827958398,COP ECOLOGIE (COPECOCARGO ; COP SOLAR),43.29A,Travaux d'isolation,PANTIN,93500,21,2017-01-02
301168936,INTERISOL,43.29A,Travaux d'isolation,ABIDOS,64150,12,1974-01-01
305118945,DELAUNAY SAS,43.29A,Travaux d'isolation,VILLERS-SAINT-SEPULCRE,60134,12,1976-01-01
305206237,BENEDETTI,43.29A,Travaux d'isolation,AVIGNON,84000,12,1976-01-01
315882761,SOCIETE D'APPLICATION DES PRODUITS D'ETANCHEITE,43.29A,Travaux d'isolation,TINQUEUX,51430,12,1979-01-01
322505413,ECOTHERM,43.29A,Travaux d'isolation,ALLONZIER-LA-CAILLE,74350,12,1981-09-01
324927201,ISOLATION CONSEIL,43.29A,Travaux d'isolation,VAL DE REUIL,27100,12,1982-07-01
325517571,LE GALL PLAFONDS,43.29A,Travaux d'isolation,BREST,29200,12,1982-09-30
326232824,LANGUEDOC ISOLATION,43.29A,Travaux d'isolation,BEZIERS,34500,12,1983-01-03
328999610,REM-ISOL,43.29A,Travaux d'isolation,CORBAS,69960,12,1983-01-02
353623887,BATIMENTS PEINTURES ISOLATIONS FACADES (BPI FACADES) (BPI FACADES),43.29A,Travaux d'isolation,ROMANS-SUR-ISERE,26100,12,1990-01-02
390662963,EUROP'ISOLATION,43.29A,Travaux d'isolation,CENON,33150,12,1993-03-25
393583653,SARL SICP,43.29A,Travaux d'isolation,LE TRAIT,76580,12,1994-01-17
409207818,EGIR,43.29A,Travaux d'isolation,STRASBOURG,67100,12,1996-10-01
411581549,TECHNIS,43.29A,Travaux d'isolation,MOURENX,64150,12,1997-04-07
421346891,DAUPHINE ISOLATION PROJECTION,43.29A,Travaux d'isolation,RILLIEUX-LA-PAPE,69140,12,1998-12-26
438447112,ISONOR (ISONOR),43.29A,Travaux d'isolation,GRAVELINES,59820,12,2001-07-05
438736829,CENTRE AQUITAIN DE L'HABITAT (GROUPE-LE CARRE) (CAH),43.29A,Travaux d'isolation,CANEJAN,33610,12,2001-07-17
441254968,R.C.H. (REGION CENTRE HABITAT) (GROUPE-LE CARRE),43.29A,Travaux d'isolation,VARENNES VAUZELLES,58640,12,2002-04-01
441323441,C.C.H. CENTRE CONSEIL DE L'HABITAT (GROUPE-LE CARRE),43.29A,Travaux d'isolation,THAON-LES-VOSGES,88150,12,2002-04-01
442888673,BTH,43.29A,Travaux d'isolation,VAL DE REUIL,27100,12,2002-08-01
448406041,C.R.I.,43.29A,Travaux d'isolation,SAIX,81710,12,2003-05-01
477941751,ENTREPRISE VENTURA N,43.29A,Travaux d'isolation,SAINTE-GENEVIEVE-DES-BOIS,91700,12,2004-07-01
478005549,EVEREST ISOLATION,43.29A,Travaux d'isolation,ORANGE,84100,12,2004-07-21
479369258,BROUSSOULOUX,43.29A,Travaux d'isolation,VILLEBON-SUR-YVETTE,91140,12,2004-10-01
481862035,CF BELFORT (CABETE FACADES / CABETE ECHAFAUDAGE),43.29A,Travaux d'isolation,TREVENANS,90400,12,2005-04-01
915521017,MATHIS,43.91A,Travaux de charpente,MUTTERSHOLTZ,67600,31,1955-01-01
320182447,LE BRAS FRERES,43.91A,Travaux de charpente,JARNY,54800,22,1978-01-01
327834214,A.JAMES,43.91A,Travaux de charpente,BRECEY,50370,22,1983-04-01
337659114,MORLOT CONSTRUCTION (CCM),43.91A,Travaux de charpente,CONTREXEVILLE,88140,22,1986-02-15
478166374,LES CHARPENTIERS DE L'ATLANTIQUE,43.91A,Travaux de charpente,LA BOISSIERE-DE-MONTAIGU,85600,22,2004-07-07
489320747,LP CHARPENTE,43.91A,Travaux de charpente,ALLONZIER-LA-CAILLE,74350,22,2006-04-01
494574221,PHARMABOIS,43.91A,Travaux de charpente,PARIS,75010,22,2007-03-01
795820067,ARBONIS,43.91A,Travaux de charpente,RUEIL-MALMAISON,92500,22,1968-01-01
304709256,SOC LAMECOL,43.91A,Travaux de charpente,CANEJAN,33610,21,1974-01-01
341120053,PYRENEES CHARPENTES,43.91A,Travaux de charpente,AGOS-VIDALOS,65400,21,1987-04-15
344327564,LEBOUCHER SAS (LEBOUCHER CONSTRUCTIONS),43.91A,Travaux de charpente,JUVIGNY LES VALLEES,50520,21,1988-01-01
401704010,CHARPENTE CENOMANE,43.91A,Travaux de charpente,REQUEIL,72510,21,1995-07-17
408786747,C P L  BOIS,43.91A,Travaux de charpente,BAYEUX,14400,21,1996-09-05
429070733,TRECO PRODUCTIONS,43.91A,Travaux de charpente,LANNILIS,29870,21,2000-01-02
444231955,SICOB CHARPENTE (SICOB CHARPENTE),43.91A,Travaux de charpente,RIEUPEYROUX,12240,21,2002-11-21
480047521,BATIMENT SERVICES TOITURE (BST),43.91A,Travaux de charpente,BEAUMONT-SUR-LEZE,31870,21,2005-01-01
492137674,MENUISERIE ANTRAS,43.91A,Travaux de charpente,LORP-SENTARAILLE,09190,21,2006-09-01
797080322,FAVRAT CONSTRUCTION BOIS,43.91A,Travaux de charpente,ORCIER,74550,21,1970-01-01
803578467,AV.CO.BOIS (AV.CO.BOIS),43.91A,Travaux de charpente,SAINT-ORENS-DE-GAMEVILLE,31650,21,2014-07-18
930216973,ROUX,43.91A,Travaux de charpente,MAGLAND,74300,21,2024-06-07
307131425,AUX CHARPENTIERS DE FRANCE (ACDF),43.91A,Travaux de charpente,VILLEBON-SUR-YVETTE,91140,12,1976-01-01
310709852,ETABLISSEMENTS JARNOT (BAM TRAVAUX SERVICES - BAM PREFABOIS),43.91A,Travaux de charpente,SAINT-GILLES,35590,12,1964-01-01
311842686,LES CHARPENTIERS DE BOURGOGNE,43.91A,Travaux de charpente,LONGVIC,21600,12,1978-01-01
319815882,MORISSET,43.91A,Travaux de charpente,LA CHAPELLE-SAINT-LAURENT,79430,12,1980-09-01
323401869,SOCIETE LA CHARPENTE THOUARSAISE,43.91A,Travaux de charpente,THOUARS,79100,12,1982-01-01
324568617,ETABLISSEMENTS GATIGNOL,43.91A,Travaux de charpente,SAINT-ANGEL,19200,12,1982-06-01
326367240,MCA-LAZARO (MCA),43.91A,Travaux de charpente,THIERS,63300,12,1966-01-01
330980954,ORLHAC SARL,43.91A,Travaux de charpente,SAINT-CHELY-D'APCHER,48200,12,1984-07-01
339705295,CHARPENTE MENUISERIE BILLY SA,43.91A,Travaux de charpente,BRESSUIRE,79300,12,1986-12-11
389679614,ETS MERLE,43.91A,Travaux de charpente,SUSVILLE,38350,12,1992-10-01
394722730,HERVOUET,43.91A,Travaux de charpente,PANTIN,93500,12,1994-04-01
402712509,ROYANS CHARPENTES,43.91A,Travaux de charpente,LA MOTTE-FANJAS,26190,12,1995-04-01
403457716,SARL CARLIER BAUDOIN CHARPENTE COUVERTUR,43.91A,Travaux de charpente,MAISONCELLE TUILERIE,60480,12,1996-01-01
405221052,ARCADIA,43.91A,Travaux de charpente,VOISINS-LE-BRETONNEUX,78960,12,1996-05-01
411018864,LA CHARPENTE COURVILLOISE,43.91A,Travaux de charpente,COURVILLE-SUR-EURE,28190,12,1997-01-30
417785573,MAISONS BOIS GLV,43.91A,Travaux de charpente,PLOUGUERNEAU,29880,12,1998-01-03
418126918,SA CEAS MATERIAUX,43.91A,Travaux de charpente,LA BATIE-NEUVE,05230,12,1998-03-23
422696724,GLOT CHARPENTE,43.91A,Travaux de charpente,MONTFORT-LE-GESNOIS,72450,12,1999-04-12
435382106,GUY MOTREFF,43.91A,Travaux de charpente,LANNION,22300,12,2001-04-01
437559784,MALIGES CONSTRUCTION BOIS,43.91A,Travaux de charpente,ANTRENAS,48100,12,2001-04-01
441805116,ALPES MEDITERANNEE CHARPENTE,43.91A,Travaux de charpente,SAINT-CREPIN,05600,12,2002-04-23
451418495,LINOTTE CHAUFFAGE,43.91A,Travaux de charpente,FAYL-BILLOT,52500,12,2004-01-01
453839300,ALTI BOIS CONSTRUCTION,43.91A,Travaux de charpente,GROISY,74570,12,2004-05-01
482112760,EDWOOD,43.91A,Travaux de charpente,LA MADELEINE,59110,12,2005-04-27
487449167,MARGUERON,43.91A,Travaux de charpente,BELLEY,01300,12,2005-12-08
487899916,LENOIR BOIS CHARPENTE,43.91A,Travaux de charpente,GOUPILLIERES,76570,12,2006-01-01
489256495,BATI NATURE,43.91A,Travaux de charpente,CHATUZANGE-LE-GOUBET,26300,12,2006-04-03
490778933,ALTERNATIVE ECO CONSTRUCTION BOIS - AEC BOIS (ALTERNATIVE ECO CONSTRUCTION BOIS - AEC BOIS),43.91A,Travaux de charpente,SAINTE-SOULLE,17220,12,2006-06-16
491839031,LIFTEAM,43.91A,Travaux de charpente,VALGELON-LA ROCHETTE,73110,12,2006-09-06
507763811,C.V. CHARPENTE,43.91A,Travaux de charpente,LA ROCHE-SUR-FORON,74800,12,2008-05-01
508561792,COALYS MARTINIQUE (COALYS),43.91A,Travaux de charpente,SAINTE-LUCE,97228,12,2008-10-01
523199792,ESPRIT BOIS OCEAN INDIEN (EBOI),43.91A,Travaux de charpente,SAINT-PAUL,97460,12,2010-06-10
529894925,CHARPENTIER DES CIMES (SIBILLE CHARPENTE),43.91A,Travaux de charpente,FROGES,38190,12,2011-01-01
539712133,ATELIER OUVRAGE METALLIQUE CHARPENTE ET COUVERTURE (A.O.M.C ET C),43.91A,Travaux de charpente,FORT-DE-FRANCE,97200,12,2011-09-01
669200917,ENTREPRISE ROINE,43.91A,Travaux de charpente,DOMALAIN,35680,12,1966-01-01
332987858,BOURGEOIS,43.91B,Travaux de couverture,MIRIBEL,01700,21,1984-12-01
338337876,COANUS COUVERTURE,43.91B,Travaux de couverture,IGNEY,88150,21,1986-01-01
349186791,ROSAY TECHNIQUES COUVERTURES,43.91B,Travaux de couverture,SAINT VIGOR D'YMONVILLE,76430,21,1988-12-24
350695482,ETABLISSEMENTS RAIMOND,43.91B,Travaux de couverture,SAINT-JULIEN-DE-CONCELLES,44450,21,1989-04-01
384192951,GENERALE SERVICES FRANCAIS DE TRAITEMENT (PROLOGIS) (GSFT),43.91B,Travaux de couverture,BEZIERS,34500,21,1992-01-01
385386412,LE LOREC COUVERTURE (LE LOREC-GUESNEAU),43.91B,Travaux de couverture,NANTES,44300,21,1992-05-11
390299790,BUREAU CENTRAL DE SECURITE FRANCE (BCS*FRANCE),43.91B,Travaux de couverture,BIOT,06410,21,1993-02-06
403052640,LIMEUL,43.91B,Travaux de couverture,SERVON-SUR-VILAINE,35530,21,1995-11-20
420757510,NOURRY,43.91B,Travaux de couverture,ISBERGUES,62330,21,1998-11-05
449257195,MAURICE NAILLER (SARL NAILLER),43.91B,Travaux de couverture,MURAT,15300,21,2003-01-01
876950395,CLAIR ET NET,43.91B,Travaux de couverture,BROGNARD,25600,21,1969-01-01
906180096,ENTREPRISE MARIE ET COMPAGNIE,43.91B,Travaux de couverture,REMILLY LES MARAIS,50570,21,1961-01-01
916510258,ENTREPRISE CHARLES SCHOENENBERGER,43.91B,Travaux de couverture,COLMAR,68000,21,1965-01-01
305007064,MALET COUVERTURE,43.91B,Travaux de couverture,OUZOUER-SOUS-BELLEGARDE,45270,12,1964-01-01
314705096,THOMAS,43.91B,Travaux de couverture,VAUCOULEURS,55140,12,1964-01-01
315107656,PAUL BARRIAC,43.91B,Travaux de couverture,ONET-LE-CHATEAU,12850,12,1979-01-01
322814252,ENTREPRISE DE CONSTRUCTION ET DE RESTAURATION (ECR),43.91B,Travaux de couverture,ESQUELBECQ,59470,12,1981-09-01
337572119,ENTREPRISE GALOPIN,43.91B,Travaux de couverture,MULHOUSE,68200,12,1986-04-16
338055338,BILHEUDE,43.91B,Travaux de couverture,VAL-D'IZE,35450,12,1986-04-01
345030431,SOCIETE FALAISIENNE DE COUVERTURE (SFC),43.91B,Travaux de couverture,LA HOGUETTE,14700,12,1988-05-01
351291430,CHARPENTE GALLAND- FRANCE EQUIPEMENT SECURITE,43.91B,Travaux de couverture,TOUL,54200,12,1989-05-02
352814784,SAS CARLIER,43.91B,Travaux de couverture,DAINVILLE,62000,12,1989-10-01
379284748,SUCHET,43.91B,Travaux de couverture,CUSSET,03300,12,1990-07-01
379670581,SA ETABLISSEMENTS QUEMARD,43.91B,Travaux de couverture,QUESSOY,22120,12,1990-10-01
382821270,HARDOUIN-LAINE COUVERTURE ZINGUERIE CHARPENTE ET CONSTRUCTION BOIS,43.91B,Travaux de couverture,BAUGE-EN-ANJOU,49150,12,1991-08-01
383038981,CHEMI'NETTE,43.91B,Travaux de couverture,NIEDERHERGHEIM,68127,12,1991-09-16
392789434,COUVERTURE BOUSSICAUD,43.91B,Travaux de couverture,PLESCOP,56890,12,1993-10-01
398518027,BEGHIN,43.91B,Travaux de couverture,ORCHIES,59310,12,1994-10-03
400667762,BERDEAUX LEROUX,43.91B,Travaux de couverture,SAINT-LEONARD,76400,12,1995-05-02
407701689,GLOT FILS SARL,43.91B,Travaux de couverture,MONTFORT-LE-GESNOIS,72450,12,1996-05-06
408210292,MICHEL LEHOUX,43.91B,Travaux de couverture,AIZENAY,85190,12,1996-07-01
411558745,MAUSSION PERE ET FILS,43.91B,Travaux de couverture,NOYAL-CHATILLON-SUR-SEICHE,35230,12,1997-04-01
414099911,PAMTHER,43.91B,Travaux de couverture,FREJUS,83600,12,1997-11-03
420554818,LECLERCQ COUVERTURE,43.91B,Travaux de couverture,WOINCOURT,80520,12,1998-10-01
420813107,PROTEC TOITURE (PROTEC TOITURE (RENOVATION DE L'HABITAT)),43.91B,Travaux de couverture,SAINTE-MAXIME,83120,12,1998-11-04
424625788,ADONIS (JADORE RENOVATION-JADORE TOITURE),43.91B,Travaux de couverture,STRASBOURG,67000,12,1999-09-18
451246433,BAMBOU,43.91B,Travaux de couverture,TERRASSON LAVILLEDIEU,24120,12,2003-12-04
480027820,GUINDE,43.91B,Travaux de couverture,PLEUDIHEN-SUR-RANCE,22690,12,2004-12-21
482443603,LTDO,43.91B,Travaux de couverture,NEUVILLE-DE-POITOU,86170,12,2005-05-25
484497565,RITOU,43.91B,Travaux de couverture,MAURIAC,15200,12,2005-07-01
489948844,ISOLACIER,43.91B,Travaux de couverture,LE VAL-D'AJOL,88340,12,2005-10-01
492093612,COUPE JEROME,43.91B,Travaux de couverture,FOUGERES,35300,12,2006-10-02
492268818,TOITS & MOI CHARPENTIER COUVREUR,43.91B,Travaux de couverture,ENGHIEN-LES-BAINS,95880,12,2006-10-01
494116163,GLAIS DIDIER,43.91B,Travaux de couverture,MONTREUIL-SUR-BARSE,10270,12,2007-02-01
498663467,ABAQUE BATIMENT SERVICES (A.B.S),43.91B,Travaux de couverture,MONTARGIS,45200,12,2007-07-01
498672724,ENTREPRISE COUVR TOIT,43.91B,Travaux de couverture,SEICHAMPS,54280,12,2007-06-05
499041390,DESCHAMPS PERE & FILS (DESCHAMPS PERE & FILS),43.91B,Travaux de couverture,SAINT-QUENTIN,02100,12,2007-08-01
508119971,R.S. SONNECK,43.91B,Travaux de couverture,PLAINVILLE,60120,12,2008-10-01
517496840,ENTREPRISE MEDERREG (MEDERREG VELOSO.),43.91B,Travaux de couverture,IVRY-SUR-SEINE,94200,12,2009-10-01
520587908,CBI (CBI CONSTRUCTIONS - CBI NETTOYAGE - CBI METAL),43.91B,Travaux de couverture,SOLGNE,57420,12,2010-02-01
532104247,3MX,43.91B,Travaux de couverture,SAINTE-GEMMES-SUR-LOIRE,49130,12,2011-05-02
722061645,ENTREPRISE GOSSELIN,43.91B,Travaux de couverture,PARIS,75017,12,1972-01-01
752062885,ARTISANS BATISSEURS TOULOUSAINS  A.B.T. (LES COUVREURS OCCITANS),43.91B,Travaux de couverture,TOULOUSE,31100,12,2012-05-30
792199234,SARL BARDAGE FACADE INDUSTRIEL (B.F.I),43.91B,Travaux de couverture,SAINT-JEAN-LE-BLANC,45650,12,2013-03-15
793366725,TORREILLES CONSTRUCTION BOIS (TORREILLES TOITURES - TORREILLES CONSTRUCTION),43.91B,Travaux de couverture,CHAMPENOUX,54280,12,2013-05-27
310850342,SBTPC SOGEA REUNION (SBTPC),43.99C,Travaux de maçonnerie générale et gros œuvre,LE PORT,97420,41,1974-01-01
445950074,RAMERY CONSTRUCTION (ENVYPARK),43.99C,Travaux de maçonnerie générale et gros œuvre,ERQUINGHEM-LYS,59193,41,1959-01-01
096280250,MAS BTP,43.99C,Travaux de maçonnerie générale et gros œuvre,PAU,64000,32,1962-01-01
328833546,EIFFAGE CONSTRUCTION NORD AQUITAINE (ECNA),43.99C,Travaux de maçonnerie générale et gros œuvre,BEGLES,33130,32,1984-01-01
343337275,SPIE BATIGNOLLES SUD EST,43.99C,Travaux de maçonnerie générale et gros œuvre,DARDILLY,69570,32,1987-11-06
349026955,SPIE BATIGNOLLES NORD,43.99C,Travaux de maçonnerie générale et gros œuvre,MARQUETTE-LEZ-LILLE,59520,32,1989-01-01
399098995,SENDIN,43.99C,Travaux de maçonnerie générale et gros œuvre,CHAMPLAN,91160,32,1995-01-02
399301530,LEGENDRE OUEST,43.99C,Travaux de maçonnerie générale et gros œuvre,SAINT-JACQUES-DE-LA-LANDE,35136,32,1994-12-17
450214416,CABESTAN (CABESTAN ENERGIES),43.99C,Travaux de maçonnerie générale et gros œuvre,GRENOBLE,38100,32,2003-10-01
342869054,VOIRIE ASSAINISSEMENT TRAVAUX PUBLICS (VATP),43.99C,Travaux de maçonnerie générale et gros œuvre,AIRE-SUR-LA-LYS,62120,31,1987-11-02
353318736,LEFEVRE SAS,43.99C,Travaux de maçonnerie générale et gros œuvre,GENNEVILLIERS,92230,31,1990-01-25
378368294,GCC HAUTS-DE-FRANCE,43.99C,Travaux de maçonnerie générale et gros œuvre,SAINT-LAURENT-BLANGY,62223,31,1990-06-01
424062537,GCBAT (GCBAT SAONE ET LOIRE),43.99C,Travaux de maçonnerie générale et gros œuvre,MONTCHANIN,71210,31,1999-08-25
837615178,LEFEVRE CENTRE OUEST,43.99C,Travaux de maçonnerie générale et gros œuvre,SAINTE-LUCE-SUR-LOIRE,44980,31,2017-12-26
087281184,SPIE BATIGNOLLES OUTAREX,43.99C,Travaux de maçonnerie générale et gros œuvre,ANTONY,92160,22,1972-01-01
302280755,JACQUET,43.99C,Travaux de maçonnerie générale et gros œuvre,ESTRABLIN,38780,22,1975-01-01
303274716,PERSONNIC,43.99C,Travaux de maçonnerie générale et gros œuvre,LOUARGAT,22540,22,1975-01-01
304600927,ETABLISSEMENTS BOUTILLET SAS,43.99C,Travaux de maçonnerie générale et gros œuvre,CHAUVIGNY,86300,22,1975-01-01
305850646,PEDUZZI,43.99C,Travaux de maçonnerie générale et gros œuvre,FRESSE-SUR-MOSELLE,88160,22,1964-01-01
333483782,STIBAT (SOCIETE DE TRAVAUX ET D'INGENIERIE DU BATIMENT) (STIBAT),43.99C,Travaux de maçonnerie générale et gros œuvre,TOULOUSE,31000,22,1985-09-16
338028418,LES COMPAGNONS DE SAINT JACQUES,43.99C,Travaux de maçonnerie générale et gros œuvre,PERIGNY,17180,22,1986-05-01
340103985,MADER SA,43.99C,Travaux de maçonnerie générale et gros œuvre,GUEBWILLER,68500,22,1986-12-29
350796363,ENTREPRISE GENERALE SNPR,43.99C,Travaux de maçonnerie générale et gros œuvre,SAINT-JACQUES-DE-LA-LANDE,35136,22,1989-05-25
389791112,BOISSEAU BATIMENT,43.99C,Travaux de maçonnerie générale et gros œuvre,MAUGES-SUR-LOIRE,49110,22,1993-01-01
403106222,SOCIETE NOUVELLE THOMAS ET DANIZAN MIDI PYRENEES,43.99C,Travaux de maçonnerie générale et gros œuvre,VILLENEUVE TOLOSANE,31270,22,1995-12-08
410258743,PREGA,43.99C,Travaux de maçonnerie générale et gros œuvre,LABEGE,31670,22,1996-12-24
414043711,SOCIETE TRAVAUX GROS OEUVRE (STGO),43.99C,Travaux de maçonnerie générale et gros œuvre,LA MURETTE,38140,22,1997-10-01
419657416,GIRAUD MIDI PYRENEES,43.99C,Travaux de maçonnerie générale et gros œuvre,RAMONVILLE-SAINT-AGNE,31520,22,1998-07-15
425013661,LEGENDRE LOIRE,43.99C,Travaux de maçonnerie générale et gros œuvre,ST-HERBLAIN,44800,22,1999-10-04
440676666,ALTRAD COFFRAGE ET ETAIEMENT,43.99C,Travaux de maçonnerie générale et gros œuvre,VELAUX,13880,22,2002-01-01
482293925,DEOBAT,43.99C,Travaux de maçonnerie générale et gros œuvre,ETIVAL-CLAIREFONTAINE,88480,22,2005-05-09
489287367,DONADA,43.99C,Travaux de maçonnerie générale et gros œuvre,ORVAULT,44700,22,2006-03-27
509225983,LEON NOEL,43.99C,Travaux de maçonnerie générale et gros œuvre,SAINT-BRICE-COURCELLES,51370,22,2008-11-19
512408063,RAMERY GENIE CIVIL (SN SCHOONBERG TP),43.99C,Travaux de maçonnerie générale et gros œuvre,ERQUINGHEM-LYS,59193,22,2009-04-02
517569166,T P F,43.99C,Travaux de maçonnerie générale et gros œuvre,MENNECY,91540,22,2009-10-15
526380118,ENTREPRISE ALM ALLAIN,43.99C,Travaux de maçonnerie générale et gros œuvre,SAINTES,17100,22,1963-01-01
533106159,COOP&BAT (COOP&BAT) (COOP&BAT),43.99C,Travaux de maçonnerie générale et gros œuvre,BASSENS,33530,22,2011-06-20
538804279,API CHANTIERS (AFBA CHANTIERS),43.99C,Travaux de maçonnerie générale et gros œuvre,CHARLEVILLE-MEZIERES,08000,22,2012-01-01
572621712,ENT A. GIRARD (GIRARD),43.99C,Travaux de maçonnerie générale et gros œuvre,AVIGNON,84000,22,1957-01-01
572780310,ENTREPRISE GALLEGO,43.99C,Travaux de maçonnerie générale et gros œuvre,SEMEAC,65600,22,1957-01-01
629802778,H. CHEVALIER,43.99C,Travaux de maçonnerie générale et gros œuvre,SURESNES,92150,22,1900-01-01
664500477,ENTREPRISE CHAZELLE (CHAZELLE),43.99C,Travaux de maçonnerie générale et gros œuvre,SAINT-ETIENNE,42000,22,1966-01-01
725850036,CONSTRUCTIONS INDUSTRIELLES RATIONNELLES (CIR-PREFA),43.99C,Travaux de maçonnerie générale et gros œuvre,CHAMBELLAY,49220,22,1958-01-18
736120270,LA MARNAISE,43.99C,Travaux de maçonnerie générale et gros œuvre,VITRY-LE-FRANCOIS,51300,22,1961-01-01
897050290,BERNADET CONSTRUCTION,43.99C,Travaux de maçonnerie générale et gros œuvre,GRENADE-SUR-L'ADOUR,40270,22,1970-01-01
309708279,CHARPENTIER P M,43.99C,Travaux de maçonnerie générale et gros œuvre,CRETEIL,94000,21,1977-01-01
309979813,ETABLISSEMENTS PIERRE REVIL,43.99C,Travaux de maçonnerie générale et gros œuvre,PANNES,45700,21,1977-01-01
310540703,ENTREPRISE HORY-CHAUVELIN,43.99C,Travaux de maçonnerie générale et gros œuvre,AVOINE,37420,21,1977-01-01
313087249,RENOFORS (RENOFORS FRANCE),43.99C,Travaux de maçonnerie générale et gros œuvre,RUNGIS,94150,21,1978-01-01
316111962,SEBTP-CONSTRUCTION,43.99C,Travaux de maçonnerie générale et gros œuvre,BRIVE-LA-GAILLARDE,19100,21,1979-01-01
316854363,DELTA POMPAGE,43.99C,Travaux de maçonnerie générale et gros œuvre,CHAMBERY,73000,21,1979-01-01
317577807,BESANCON TOUS TRAVAUX BTT,43.99C,Travaux de maçonnerie générale et gros œuvre,BESANCON,25000,21,1979-01-01
318009495,ENTREPRISE PIERRE BAUMARD (BAM TRAVAUX SERVICES),43.99C,Travaux de maçonnerie générale et gros œuvre,LYS-HAUT-LAYON,49310,21,1980-01-01
318637121,CHAUMETTE-DUPLEIX BAT.,43.99C,Travaux de maçonnerie générale et gros œuvre,MOULINS,03000,21,1980-01-01
318921236,QUINCE CONSTRUCTION,43.99C,Travaux de maçonnerie générale et gros œuvre,PUTANGES-LE-LAC,61210,21,1980-05-19
552046484,CDC HABITAT SOCIAL SOCIETE ANONYME D'HABITATIONS A LOYER MODERE,68.20A,Location de logements,PARIS,75013,51,1955-01-01
552141533,IMMOBILIERE 3F,68.20A,Location de logements,PARIS,75013,51,1955-01-01
058811670,ERILIA (ERILIA),68.20A,Location de logements,MARSEILLE,13008,42,1958-01-01
470801168,CDC HABITAT,68.20A,Location de logements,PARIS,75013,42,1961-08-10
552032708,REGIE IMMOBILIERE DE LA VILLE DE PARIS (RIVP),68.20A,Location de logements,PARIS,75013,42,1955-01-01
045550258,SIA HABITAT (SIA HABITAT) (SIA),68.20A,Location de logements,LILLE,59800,41,1955-01-01
275600047,OFFICE PUBLIC DE L'HABITAT DU MORBIHAN (MORBIHAN HABITAT),68.20A,Location de logements,VANNES,56000,41,1978-01-01
334654035,MAISONS & CITES SOCIETE ANONYME D'HLM (M & C),68.20A,Location de logements,DOUAI,59500,41,1985-12-31
393542428,LOGIREP,68.20A,Location de logements,SURESNES,92150,41,1994-01-01
458204963,DOMOFRANCE,68.20A,Location de logements,BORDEAUX,33300,41,1958-01-01
552022105,ICF HABITAT SOCIAL (ICF HABITAT LA SABLIERE),68.20A,Location de logements,PARIS,75010,41,1955-01-01
572015451,1001 VIES HABITAT,68.20A,Location de logements,PARIS,75015,41,1957-01-01
645520164,BATIGERE HABITAT,68.20A,Location de logements,NANCY,54000,41,2007-06-21
759200751,SEM DE CONSTRUCTION DU DPT DE L AIN (SEMCODA),68.20A,Location de logements,BOURG-EN-BRESSE,01000,41,1959-01-01
779306471,DYNACITE OFFICE PUBLIC DE L'HABITAT DE L'AIN (OPH DE L'AIN),68.20A,Location de logements,BOURG-EN-BRESSE,01000,41,1976-01-01
779537125,ALPES ISERE HABITAT OFFICE PUBLIC DE L'HABITAT (ALPES ISERE HABITAT),68.20A,Location de logements,GRENOBLE,38100,41,1900-01-01
960506152,ALLIADE HABITAT,68.20A,Location de logements,LYON,69007,41,1960-01-01
274400027,NANTES METROPOLE HABITAT-OFFICE PUBLIC DE L'HABITAT DE LA METROPOLE NANTAISE (NMH),68.20A,Location de logements,NANTES,44000,32,1980-12-26
277200036,OPH DE LA COMMUNAUTE URBAINE DU MANS (LE MANS METROPOLE HABITAT) (OPH),68.20A,Location de logements,LE MANS,72100,32,1978-01-01
278500012,OFFICE PUBLIC DE L HABITAT DE VENDEE (OPH),68.20A,Location de logements,LA ROCHE-SUR-YON,85000,32,1978-01-01
278708516,OFFICE PUBLIC DE L'HABITAT DE LIMOGES METROPOLE (OPHLM),68.20A,Location de logements,LIMOGES,87000,32,1983-03-01
302494398,ESPACIL HABITAT SA D'HABITATIONS A LOYER MODERE,68.20A,Location de logements,RENNES,35700,32,1956-01-01
304326895,IMMOBILIERE ATLANTIC AMENAGEMENT,68.20A,Location de logements,NIORT,79000,32,1900-01-01
305918732,NEOLIA,68.20A,Location de logements,MONTBELIARD,25200,32,1900-01-01
310863592,SOCIETE IMMOBILIERE DEPARTEMENT REUNION (SIDR),68.20A,Location de logements,SAINT-DENIS,97400,32,1974-01-01
310895172,SOCIETE ANONYME D'HABITATIONS A LOYER MODERE DE LA REUNION (SHLMR),68.20A,Location de logements,SAINT-DENIS,97400,32,1971-01-01
335480679,PLURIAL NOVILIA,68.20A,Location de logements,REIMS,51100,32,1954-01-01
335581211,LE FOYER REMOIS,68.20A,Location de logements,REIMS,51100,32,1930-01-01
342090834,NEXITY STUDEA,68.20A,Location de logements,SAINT-OUEN-SUR-SEINE,93400,32,1987-01-19
349185611,OFFICE PUBLIC DE L'HABITAT DE LA HAUTE SAVOIE (OPH),68.20A,Location de logements,ANNECY,74000,32,1988-12-16
351243076,TOURS METROPOLE HABITAT (OPH) (TOURS HABITAT (OFFICE PUBLIC DE L'HABITAT)),68.20A,Location de logements,TOURS,37000,32,1988-11-09
362801011,VIVEST SOCIETE ANONYME D'HABITATIONS A LOYER MODERE (LOGIEST),68.20A,Location de logements,METZ,57000,32,1962-01-01
367500899,LOGEO SEINE,68.20A,Location de logements,LE HAVRE,76600,32,1967-01-01
398115808,IMMOBILIERE RHONE ALPES SA D'HLM,68.20A,Location de logements,LYON,69007,32,1994-08-09
409898715,DEUX FLEUVES LOIRE HABITAT - OFFICE PUBLIC DE L'HABITAT DE LA LOIRE (DEUX FLEUVES LOIRE HABITAT) (OPH DU DEPARTEMENT),68.20A,Location de logements,SAINT-ETIENNE,42000,32,1996-10-01
548800382,SOCIETE IMMOBILIERE GRAND HAINAUT (SIGH),68.20A,Location de logements,VALENCIENNES,59300,32,2008-01-01
552141541,3F NORMANVIE,68.20A,Location de logements,ROUEN,76000,32,1955-01-01
616820205,FLANDRE OPALE HABITAT SOCIETE ANONYME D HABITATION A LOYER MODERE,68.20A,Location de logements,DUNKERQUE,59140,32,1968-01-01
661750067,HABITAT HAUTS-DE-FRANCE ESH,68.20A,Location de logements,COQUELLES,62231,32,1966-01-01
690802053,PROMOLOGIS-SA D HABITATION LOYER MODERE,68.20A,Location de logements,TOULOUSE,31000,32,1969-01-01
699200051,SA D'HLM  AIGUILLON CONSTRUCTION,68.20A,Location de logements,RENNES,35200,32,1969-01-01
779859297,DEUX FLEUVES RHONE HABITAT -OFFICE PUBLIC DE L'HABITAT DU RHONE (DEUX FLEUVES RHONE HABITAT) (RHONE HABITAT),68.20A,Location de logements,BRIGNAIS,69530,32,1976-01-01
780705703,INOLYA,68.20A,Location de logements,CAEN,14000,32,1900-01-01
781108212,FILSEINE,68.20A,Location de logements,MONT-SAINT-AIGNAN,76130,32,1900-01-01
781598248,VAL TOURAINE HABITAT (OPH),68.20A,Location de logements,TOURS,37000,32,1949-10-01
856200746,AUVERGNE HABITAT,68.20A,Location de logements,CLERMONT-FERRAND,63000,32,1956-01-01
015450638,SOCIETE ANONYME D'HABITATIONS A LOYER MODERE HABELLIS,68.20A,Location de logements,DIJON,21000,31,1954-01-01
272100017,OFFICE PUBLIC DE L HABITAT DE LA COTE D OR (OPH),68.20A,Location de logements,DIJON,21000,31,1978-01-01
279200224,HAUTS-DE-SEINE HABITAT - OPH (OPDH92),68.20A,Location de logements,LEVALLOIS-PERRET,92300,31,1982-01-01
325720258,HALPADES S.A. D'HLM,68.20A,Location de logements,ANNECY,74000,31,1957-01-01
342143955,LOGEMLOIRET (LOGEMLOIRET) (O.P.H.),68.20A,Location de logements,ORLEANS,45000,31,1987-06-02
399606185,HABITAT 70 (HABITAT 70),68.20A,Location de logements,VESOUL,70000,31,1994-08-01
445520398,"AVESNOISE PROMOCIL, SOCIETE ANONYME D'HABITATIONS A LOYER MODERE",68.20A,Location de logements,MAUBEUGE,59600,31,1955-01-01
548501360,ALSACE HABITAT,68.20A,Location de logements,STRASBOURG,67100,31,1954-01-01
673720744,SA D'H.L.M. FRANCE LOIRE,68.20A,Location de logements,ORLEANS,45000,31,1967-01-01
487530099,LAMY,68.32A,Administration d'immeubles,PARIS,75008,42,2005-11-15
428748909,SOCIETE D ETUDES ET DE REALISATION DE GESTION IMMOBILIERE DE CONSTRUCTION (SERGIC),68.32A,Administration d'immeubles,WASQUEHAL,59290,41,1999-12-27
452414774,DOMITYS CENTRE-OUEST,68.32A,Administration d'immeubles,PARIS 14,75014,41,2004-04-01
484882642,ESSET,68.32A,Administration d'immeubles,COURBEVOIE,92400,41,2005-10-20
519083406,DOMITYS SUD-OUEST,68.32A,Administration d'immeubles,PARIS 14,75014,41,2009-12-01
534886411,NHOOD SERVICES FRANCE,68.32A,Administration d'immeubles,VILLENEUVE-D'ASCQ,59491,41,2011-09-19
732073887,CREDIT AGRICOLE IMMOBILIER PROPERTY MANAGEMENT (CAI-PM),68.32A,Administration d'immeubles,ASNIERES-SUR-SEINE,92600,41,1973-01-01
323998690,ESPACE EXPANSION,68.32A,Administration d'immeubles,PARIS,75016,32,1982-01-21
337953459,BNP PARIBAS REAL ESTATE PROPERTY MANAGEMENT FRANCE SAS (BNPP REPM FRANCE) (COMADIM),68.32A,Administration d'immeubles,BOULOGNE-BILLANCOURT,92100,32,1986-06-05
432296234,PICHET IMMOBILIER SERVICES,68.32A,Administration d'immeubles,PESSAC,33600,32,2000-07-27
449187426,SOCIETE DE GESTION DES AIRES D'ACCUEIL (SG2A),68.32A,Administration d'immeubles,RILLIEUX-LA-PAPE,69140,32,2003-05-15
450974332,CIMALPES,68.32A,Administration d'immeubles,ALBERTVILLE,73200,32,2003-12-01
562100214,KLEPIERRE MANAGEMENT,68.32A,Administration d'immeubles,PARIS,75009,32,1956-01-01
582098026,FONCIA PARIS RIVE DROITE,68.32A,Administration d'immeubles,PARIS,75009,32,1958-01-01
750184632,DOMITYS EST,68.32A,Administration d'immeubles,PARIS 14,75014,32,2012-01-23
973502719,FONCIA LYON,68.32A,Administration d'immeubles,LYON,69006,32,1973-01-01
067803916,FONCIA MARSEILLE,68.32A,Administration d'immeubles,MARSEILLE,13010,31,1967-01-01
308174523,FONCIA TOULON,68.32A,Administration d'immeubles,TOULON,83000,31,1976-01-01
343765178,FONCIA MONTPELLIER,68.32A,Administration d'immeubles,MONTPELLIER,34000,31,1988-02-25
394288401,FONCIA NORMANDIE,68.32A,Administration d'immeubles,ROUEN,76000,31,1994-03-09
678501172,FONCIA ALSACE BOURGOGNE FRANCE-COMTE,68.32A,Administration d'immeubles,STRASBOURG,67100,31,1967-01-01
689801231,SOCIETE DES CENTRES COMMERCIAUX (SCC) (SCC),68.32A,Administration d'immeubles,PUTEAUX,92800,31,1974-01-01
300347333,FONCIA HAUTS DE FRANCE,68.32A,Administration d'immeubles,SAINT-ANDRE-LEZ-LILLE,59350,22,1973-01-01
304970726,FONCIA LVM,68.32A,Administration d'immeubles,SAINT-GRATIEN,95210,22,1976-01-01
305532517,FONCIA ALPES DAUPHINE,68.32A,Administration d'immeubles,GRENOBLE,38000,22,1976-01-01
305934960,IMMO DE FRANCE FOREZ VELAY,68.32A,Administration d'immeubles,SAINT-ETIENNE,42100,22,1975-01-01
306533738,FONCIA PARIS RIVE GAUCHE,68.32A,Administration d'immeubles,PARIS,75014,22,1976-06-30
309358349,CABINET THIERRY,68.32A,Administration d'immeubles,NANTES,44000,22,1977-01-01
317064285,FONCIA MARNE LA VALLEE (GIEP),68.32A,Administration d'immeubles,NOISY-LE-GRAND,93160,22,1979-01-01
318404225,FONCIA GRAND BLEU (SARL),68.32A,Administration d'immeubles,SAINTE-MAXIME,83120,22,1980-01-01
322212168,FONCIA AD IMMOBILIER,68.32A,Administration d'immeubles,CANNES,06400,22,1981-07-15
326650165,KERMARREC SYNDIC (KERMARREC SYNDIC),68.32A,Administration d'immeubles,NANTES,44000,22,1983-01-01
327918231,FONCIA TERRES DE PROVENCE,68.32A,Administration d'immeubles,AIX-EN-PROVENCE,13100,22,1983-07-01
331496240,FONCIA TOULOUSE,68.32A,Administration d'immeubles,TOULOUSE,31200,22,1985-01-08
334627650,FONCIA VALLEE DU RHONE,68.32A,Administration d'immeubles,ALIXAN,26300,22,1986-01-24
380007773,FONCIA NICE,68.32A,Administration d'immeubles,NICE,06000,22,1990-10-01
388034753,AFEDIM GESTION,68.32A,Administration d'immeubles,NANTES,44000,22,1992-06-30
389999194,ACCORD IMMOBILIER (CENTURY 21 HARMONY),68.32A,Administration d'immeubles,LE MANS,72000,22,1993-02-04
400777827,CREDIT AGRICOLE IMMOBILIER SERVICES,68.32A,Administration d'immeubles,MONTROUGE,92120,22,1995-04-19
401165089,ALTAREA GESTION IMMOBILIERE (HISTOIRE & PATRIMOINE GESTION),68.32A,Administration d'immeubles,PARIS,75002,22,1995-04-20
405408394,C.I.S. IMMOBILIER,68.32A,Administration d'immeubles,CHAMBERY,73000,22,1996-05-29
413426479,FONCIA SENART-GATINAIS,68.32A,Administration d'immeubles,CORBEIL-ESSONNES,91100,22,1997-09-01
418633350,FONCIA LEMANIQUE,68.32A,Administration d'immeubles,ANNEMASSE,74100,22,1998-05-15
433690252,FONCIA BORDEAUX,68.32A,Administration d'immeubles,BORDEAUX,33300,22,2000-10-27
434219218,SCAPRIM PROPERTY MANAGEMENT (SCAPRIM PM),68.32A,Administration d'immeubles,COURBEVOIE,92400,22,2001-01-01
434220406,JEAN CHARPENTIER-SOPAGI SA,68.32A,Administration d'immeubles,PARIS,75011,22,2000-10-01
438302044,FRENCH INVESTMENT PORTFOLIO ASSET MANAGEMENT   PAR AVREVIATION FIPAM,68.32A,Administration d'immeubles,PARIS,75016,22,2001-06-22
490205184,FONCIA MANSART,68.32A,Administration d'immeubles,MARLY-LE-ROI,78160,22,2006-05-18
529196412,IMMO DE FRANCE PARIS ILE DE FRANCE,68.32A,Administration d'immeubles,PARIS,75017,22,2010-12-14
542061015,CABINET LOISELET PERE FILS ET DAIGREMONT (LD),68.32A,Administration d'immeubles,BOULOGNE-BILLANCOURT,92100,22,1954-01-01
572032373,GESTION ET TRANSACTIONS DE FRANCE (GTF),68.32A,Administration d'immeubles,PARIS,75009,22,1957-01-01
622046902,SOC DES MARCHES DE LA REGION PARISIENNE (SOMAREP),68.32A,Administration d'immeubles,PARIS,75016,22,1962-01-01
682009121,RICHARDIERE (NEXITY GRANDS INVESTISSEURS PRIVES),68.32A,Administration d'immeubles,PARIS,75017,22,1968-01-01
709801369,FONCIA IMMOBILIAS,68.32A,Administration d'immeubles,MASSY,91300,22,1970-01-01
722780657,FONCIA PYRENEES GASCOGNE,68.32A,Administration d'immeubles,PAU,64000,22,1972-01-01
404191447,ALTEN SUD OUEST,71.12B,"Ingénierie, études techniques",TOULOUSE,31300,51,1996-03-15
404271470,EXPLEO FRANCE,71.12B,"Ingénierie, études techniques",MONTIGNY-LE-BRETONNEUX,78180,51,1996-02-01
444159164,ASSYSTEM ENGINEERING AND OPERATION SERVICES,71.12B,"Ingénierie, études techniques",COURBEVOIE,92400,51,2002-10-22
444523526,ARTELIA,71.12B,"Ingénierie, études techniques",SAINT-OUEN-SUR-SEINE,93400,51,2002-12-13
488404823,MOONGY (AGAP2 - INGEVA),71.12B,"Ingénierie, études techniques",BOULOGNE-BILLANCOURT,92100,51,2006-02-01
722045879,TECHNIQUE ENERGIE ATOMIQUE - TECHNICATOME (TECHNICATOME),71.12B,"Ingénierie, études techniques",VILLIERS-LE-BACLE,91190,51,1985-06-21
817439524,ORANO PROJETS,71.12B,"Ingénierie, études techniques",CHATILLON,92320,51,2015-12-17
844435883,TOTALENERGIES ONETECH,71.12B,"Ingénierie, études techniques",COURBEVOIE,92400,51,2018-11-20
017251067,VALEO COMFORT AND DRIVING ASSISTANCE,71.12B,"Ingénierie, études techniques",CRETEIL,94000,42,1972-01-01
071502397,FAURECIA INTERIEUR INDUSTRIE (FII),71.12B,"Ingénierie, études techniques",NANTERRE,92000,42,1971-01-01
308884998,AKKODIS INGENIERIE PRODUIT SAS (AKKODIS),71.12B,"Ingénierie, études techniques",GUYANCOURT,78280,42,1983-01-21
332252980,AIRBUS PROTECT (APSYS),71.12B,"Ingénierie, études techniques",BLAGNAC,31700,42,1985-04-01
352876197,SAFRAN ENGINEERING SERVICES,71.12B,"Ingénierie, études techniques",BLAGNAC,31700,42,1989-12-18
380902569,LGM (LGM),71.12B,"Ingénierie, études techniques",VELIZY-VILLACOUBLAY,78140,42,1991-01-29
388035107,ONET TECHNOLOGIES TI,71.12B,"Ingénierie, études techniques",MARSEILLE,13009,42,1992-07-01
390596039,EKIUM,71.12B,"Ingénierie, études techniques",LYON,69007,42,1993-03-22
412442519,GINGER CEBTP,71.12B,"Ingénierie, études techniques",ELANCOURT,78990,42,1997-06-05
420418774,VULCAIN SERVICES (VULCAIN SERVICES),71.12B,"Ingénierie, études techniques",NEUILLY-SUR-SEINE,92200,42,1998-09-01
422883769,MI-GSO,71.12B,"Ingénierie, études techniques",TOULOUSE,31300,42,1999-04-12
444572382,AREP,71.12B,"Ingénierie, études techniques",PARIS,75013,42,2002-12-09
489626135,INGEROP CONSEIL ET INGENIERIE (ICI),71.12B,"Ingénierie, études techniques",RUEIL MALMAISON,92500,42,2006-01-01
499379923,EXTIA,71.12B,"Ingénierie, études techniques",SEVRES,92310,42,2007-07-30
817465636,SEGULA ENGINEERING,71.12B,"Ingénierie, études techniques",COURBEVOIE,92400,42,2015-12-16
844926311,SEGULA MATRA AUTOMOTIVE,71.12B,"Ingénierie, études techniques",COURBEVOIE,92400,42,2018-12-28
880082722,SYSTRA FRANCE (SYSTRA),71.12B,"Ingénierie, études techniques",PARIS,75015,42,2019-12-20
071803795,PARLYM ENGINEERING,71.12B,"Ingénierie, études techniques",MARSEILLE,13016,41,1971-01-01
305207169,ORANO DEMANTELEMENT (ORANO DEM),71.12B,"Ingénierie, études techniques",CHATILLON,92320,41,1981-03-30
306100421,ARTELIA INDUSTRIE,71.12B,"Ingénierie, études techniques",LE HAVRE,76600,41,1976-01-01
309103877,TRACTEBEL ENGINEERING,71.12B,"Ingénierie, études techniques",LA GARENNE-COLOMBES,92250,41,1977-01-01
334170990,SAVOYE,71.12B,"Ingénierie, études techniques",LONGVIC,21600,41,1985-12-02
338034390,COLLECTE LOCALISATION SATELLITES (C.L.S.),71.12B,"Ingénierie, études techniques",RAMONVILLE-SAINT-AGNE,31520,41,1986-04-21
338329469,OTEIS,71.12B,"Ingénierie, études techniques",BOIS-COLOMBES,92270,41,1986-07-17
339809527,ARDECHE APPLICATIONS TECHNIQUES D'ELECTRICITE ET DE MESURES (ARDATEM) (ARDATEM),71.12B,"Ingénierie, études techniques",BOURG-SAINT-ANDEOL,07700,41,1986-01-01
340793959,ENGIE INFORMATION ET TECHNOLOGIES,71.12B,"Ingénierie, études techniques",LA GARENNE-COLOMBES,92250,41,1987-02-06
345081459,SCE,71.12B,"Ingénierie, études techniques",NANTES,44200,41,1988-05-02
347582231,URBANIS,71.12B,"Ingénierie, études techniques",NIMES,30900,41,1988-07-01
347621831,ASSYSTEM PROJECT MANAGEMENT,71.12B,"Ingénierie, études techniques",AIX-EN-PROVENCE,13290,41,1988-08-01
349617084,EOWIN,71.12B,"Ingénierie, études techniques",GUYANCOURT,78280,41,1989-03-01
352176721,ONET TECHNOLOGIES CN,71.12B,"Ingénierie, études techniques",MARSEILLE,13009,41,1989-10-24
378457857,SERMA INGENIERIE,71.12B,"Ingénierie, études techniques",CORNEBARRIEU,31700,41,1990-05-09
384326468,CAP INGELEC (CAP INGELEC),71.12B,"Ingénierie, études techniques",MERIGNAC,33700,41,1992-01-06
390199669,AGENCE NAT GESTION DECHETS RADIOACTIFS (ANDRA),71.12B,"Ingénierie, études techniques",CHATENAY-MALABRY,92290,41,1992-01-01
391027620,ABMI GROUPE (FPI),71.12B,"Ingénierie, études techniques",NANTERRE,92000,41,1993-03-25
393206735,ANTEA FRANCE (ANTEA GROUP),71.12B,"Ingénierie, études techniques",OLIVET,45160,41,1993-11-25
401503792,ARCADIS ESG,71.12B,"Ingénierie, études techniques",PARIS,75014,41,1995-06-26
414393694,SEGULA GLOBAL SERVICES (AIS),71.12B,"Ingénierie, études techniques",COURBEVOIE,92400,41,1997-11-01
422868851,BERTRANDT,71.12B,"Ingénierie, études techniques",VELIZY-VILLACOUBLAY,78140,41,1999-03-17
433998473,OTV,71.12B,"Ingénierie, études techniques",SAINT-MAURICE,94410,41,2000-12-18
434836276,TOTALENERGIES RENOUVELABLES FRANCE,71.12B,"Ingénierie, études techniques",BEZIERS,34500,41,2001-02-10
441403193,AKKODIS HIGH TECH SAS (AKKODIS),71.12B,"Ingénierie, études techniques",VILLEURBANNE,69100,41,2002-03-13
444436042,INGELIANCE TECHNOLOGIES,71.12B,"Ingénierie, études techniques",MERIGNAC,33700,41,2003-01-02
485365886,IKOS CONSULTING,71.12B,"Ingénierie, études techniques",LEVALLOIS-PERRET,92300,41,2005-12-02
493334429,EGIS VILLES ET TRANSPORTS (EGIS FRANCE                                                 FRANCE),71.12B,"Ingénierie, études techniques",LYON,69006,41,2006-11-30
493389670,EGIS STRUCTURES ET ENVIRONNEMENT (: EGIS ENVIRONNEMENT-EGIS TUNNELS-EGIS GEOTECHNIQUE-EGIS JMI-ODZ CONSULT),71.12B,"Ingénierie, études techniques",GUYANCOURT,78280,41,2006-11-27
502192149,T&S TECHNOLOGY &STRATEGY ENGINEERING (TECHNOLOGY & STRATEGY ENGINEERING),71.12B,"Ingénierie, études techniques",SCHILTIGHEIM,67300,41,2008-01-18
